{
  "creds": {
    "noiseKey": {
      "private": {
        "type": "Buffer",
        "data": "AB3D+oclgQyQvxcVWm1cj+4eqDa9UwGo2IHgv3CTyWs="
      },
      "public": {
        "type": "Buffer",
        "data": "DwvLBva4QfcYp3ww4BrSMpMlEkq5QCbvx8g9CkUw5m4="
      }
    },
    "signedIdentityKey": {
      "private": {
        "type": "Buffer",
        "data": "2MpA84lUTJJDEwYLubspGscV0hYn4oxKz6dlvA2p7V8="
      },
      "public": {
        "type": "Buffer",
        "data": "z3bUSZrEVYew5juPBDavP4Z2qs30GgWPvs2xfhURSS4="
      }
    },
    "signedPreKey": {
      "keyPair": {
        "private": {
          "type": "Buffer",
          "data": "GJwOqiJDosxAIPyYMToTyWJPnk7yeXyNfmRk6RcigWo="
        },
        "public": {
          "type": "Buffer",
          "data": "Nux8yrPdtaquERp+RJCjY/QvJYmaZHoy6VD3CEITlXQ="
        }
      },
      "signature": {
        "type": "Buffer",
        "data": "Y0ZpGO2IIYrIIztuWdSkYkC6uorFkZhpUkojOvc288v/tr7cyhPRBYaoCtBwW5aKpgv2jmhqWLJC0DWIsC2PAA=="
      },
      "keyId": 1
    },
    "registrationId": 181,
    "advSecretKey": "klvjYJP9htZvtK2H6w8EgjCOLgIBX2j9BXjf91Fd5MU=",
    "nextPreKeyId": 31,
    "firstUnuploadedPreKeyId": 31,
    "serverHasPreKeys": true,
    "account": {
      "details": "CM7PzJUFENTxwZ0GGAE=",
      "accountSignatureKey": "QhmzwPH4AUDbiDNpAQz3JWu5TRbfbqR2Jp1NWI7QVUs=",
      "accountSignature": "bjCP55uyfNGWa2FPgL1MIU0CWRFS8otsOZpwMyyb6y1HFO2n0a7sk1BNIkoVDKX+2sfPdt47R7ri4etCSB0BAg==",
      "deviceSignature": "1WMiTuJr/eoxZxFR6qa8Wp1vnrlezrjtakL02EQ38anfhMRUdwwsw2ayLZCW7lF2Mz1v59qKf09Zsclz95B4Dw=="
    },
    "me": {
      "id": "62858354584084:8@s.whatsapp.net",
      "verifiedName": "Minyet Nongg",
      "name": "Minyet Nongg"
    },
    "signalIdentities": [
      {
        "identifier": {
          "name": "62858354584084:8@s.whatsapp.net",
          "deviceId": 0
        },
        "identifierKey": {
          "type": "Buffer",
          "data": "BUIZs8Dx+AFA24gzaQEM9yVruU0W326kdiadTViO0FVL"
        }
      }
    ],
    "lastAccountSyncTimestamp": 1672509655,
    "myAppStateKeyId": "AAAAAB1e"
  },
  "keys": {
    "preKeys": {
      "1": {
        "private": {
          "type": "Buffer",
          "data": "AEqi2iuSsm9FiEPRA6GzutWtb+Bobn30A+tg63U8PHk="
        },
        "public": {
          "type": "Buffer",
          "data": "KlPX5jMf6ddHIoQ5775AZhMymuzY9wHs/uyKvdEunFI="
        }
      },
      "2": {
        "private": {
          "type": "Buffer",
          "data": "2OcUy3Ya+aUQEe9z71xjpLf7YirzkLwyVe0+9EvsW3k="
        },
        "public": {
          "type": "Buffer",
          "data": "7bWA/bHUgVly8Otxkd9NTm5FbjTdS7zIOwnrAbZ3TxM="
        }
      },
      "3": {
        "private": {
          "type": "Buffer",
          "data": "0KJlUbandkR3E+73nAONMKHRHD52luRmfQDE8OSX3mo="
        },
        "public": {
          "type": "Buffer",
          "data": "oTkEHY/YDZbAFlk5ZTrdOJ+ljpZK0/UoRhNOJ/hgV18="
        }
      },
      "4": {
        "private": {
          "type": "Buffer",
          "data": "EAnpufyORoHZRYjO18CPb5hdbmlm0lt6J0uA+dB4A0c="
        },
        "public": {
          "type": "Buffer",
          "data": "95+++iFPgsF2X1HCKmTp47o+VQNQHZfbUDVCwPR/iH0="
        }
      },
      "5": {
        "private": {
          "type": "Buffer",
          "data": "AAVHDb7aCepw4sB/xVkoK1bsMzu18QJV72EZ+k6en04="
        },
        "public": {
          "type": "Buffer",
          "data": "kgpXM6mW7tNtzI0x2I5FQsCWAAnMw8Jk/KlPngRBLXM="
        }
      },
      "6": {
        "private": {
          "type": "Buffer",
          "data": "oEyVjqP9xTwZTZVAMqWqkok+pzYxrVltZKbbDkZOsl8="
        },
        "public": {
          "type": "Buffer",
          "data": "kukGYWUjClodv9ZibHEvIDb0+P+YPWCz7a60uVJpZAY="
        }
      },
      "7": null,
      "8": {
        "private": {
          "type": "Buffer",
          "data": "kD0XDGzf0FeTwfC1LT0ztwK+BDMVGToXOkwFmFmTe30="
        },
        "public": {
          "type": "Buffer",
          "data": "JUQ9JcJiocGDlxksniqZfdrQYZ4uQMadi7Ym3k76WAg="
        }
      },
      "9": {
        "private": {
          "type": "Buffer",
          "data": "4D+JbHcWRqxm0e66TqR8YsJrDo9grxOc3OKHxJ13vls="
        },
        "public": {
          "type": "Buffer",
          "data": "Tx/moTKsK3zTcBaCmOYYTR1Ln2yThEEU8zDV/M74XmI="
        }
      },
      "10": {
        "private": {
          "type": "Buffer",
          "data": "AKEcwSpupYadnBbybFBa83dR2Zp1lxhZK/5//ZPt100="
        },
        "public": {
          "type": "Buffer",
          "data": "CyfIF7ez+8xbeKOa9xDOvNqhbQF7XuBtHT63tKTJajM="
        }
      },
      "11": {
        "private": {
          "type": "Buffer",
          "data": "kMDDhUTnumi05QK3r52Wrbm8ET9VaW12dc+Ie4sgp1c="
        },
        "public": {
          "type": "Buffer",
          "data": "pex57NxExZsi633q4Vlb9NK5DJru/QsxI7Gf9zlaZG4="
        }
      },
      "12": {
        "private": {
          "type": "Buffer",
          "data": "SBuJMM1jgjwF/X1v7EY7RJFjetWNw8Neb+s9RfjS0HE="
        },
        "public": {
          "type": "Buffer",
          "data": "GvdbpbyNyfUL9U8vcGzFGOA1mt22VM734nTxmF1W2wM="
        }
      },
      "13": {
        "private": {
          "type": "Buffer",
          "data": "iBM6NUkLIV8mHsM1aqhQGhIgcXKG3D4svd68pmvBU2E="
        },
        "public": {
          "type": "Buffer",
          "data": "5KA+DAgeP76A+fHE8PNxZsAJpmVDBcamPUH8+HuqdA0="
        }
      },
      "14": {
        "private": {
          "type": "Buffer",
          "data": "wBqL7gprvJb/N8ks7jmsXfjoW3BzDwHwdga3WYUTUHY="
        },
        "public": {
          "type": "Buffer",
          "data": "Uhwp11cpOm98hoCX4S0vOAbipoFyqiNgUc6ozsfAa2w="
        }
      },
      "15": {
        "private": {
          "type": "Buffer",
          "data": "4NSsy4N/qpslPHKtfAUzLjATxR/G6fSzJ2EA/WC3CEA="
        },
        "public": {
          "type": "Buffer",
          "data": "IgcAmPgWmTu3CxDYymW4MhaRH2TubktWDhQBnvl8aFo="
        }
      },
      "16": {
        "private": {
          "type": "Buffer",
          "data": "0FlOyJiL6ehTpIHb3SpJ7ymHa8Kj17+O6IG0xyZqI3g="
        },
        "public": {
          "type": "Buffer",
          "data": "PfJE7YT46sp+grqH8p6/HVG0xXwaGLQpxyDrKhsPFyM="
        }
      },
      "17": {
        "private": {
          "type": "Buffer",
          "data": "CIexjCo3W+qQCnpFBv/RSdaWuWGn9goH1rbRfqkjwEc="
        },
        "public": {
          "type": "Buffer",
          "data": "D44POIy7LiljpxgpZUi31b+1ycQj0tmTwPXlk2oeEjE="
        }
      },
      "18": {
        "private": {
          "type": "Buffer",
          "data": "6FsE+grw33EXbEc70v4rYauPhgyDUPvwyeA2cZxpXno="
        },
        "public": {
          "type": "Buffer",
          "data": "b1nGyIHphn1ELEvOqu1VcAQHo/Mfe3xGxqnYuQLocF0="
        }
      },
      "19": {
        "private": {
          "type": "Buffer",
          "data": "6POYphtaV4eACfj052UMYOoIG7RgF0zOPJF8gKPxPFg="
        },
        "public": {
          "type": "Buffer",
          "data": "KZNQASlr79sgK0HEVYxNicY53zqc99F6OkHZ0qiak3o="
        }
      },
      "20": {
        "private": {
          "type": "Buffer",
          "data": "OLBG5WbuQKnezCrHgXnGaD78cEiiTab1cgko0lx0EV4="
        },
        "public": {
          "type": "Buffer",
          "data": "z6Cep4YmQ+vw2/MlDb1jIibQtkPs54jMUzFbC2NVxGU="
        }
      },
      "21": {
        "private": {
          "type": "Buffer",
          "data": "OHnHwnMQK/1vTpHDloMEVST7NrjwN3BVToOw6gn9eHU="
        },
        "public": {
          "type": "Buffer",
          "data": "5eMEcmsFsBfV9XM15ejunVxk6wCE5FjAZaEqeUScX18="
        }
      },
      "22": {
        "private": {
          "type": "Buffer",
          "data": "KMUW5QWLUIy9JjOZ5x6KF63g3r+QBKawnH0kvwiCP3c="
        },
        "public": {
          "type": "Buffer",
          "data": "hHLSZ9oE/WB5pck5Ytn+c8L4S3DisBEzdA54UQm9Jno="
        }
      },
      "23": {
        "private": {
          "type": "Buffer",
          "data": "oDzxY+H48QxXI7wUPHphllU6UBOuuPadELGiUMcRZHs="
        },
        "public": {
          "type": "Buffer",
          "data": "vhZiJ4Lm2FxHfjTHjRTrA0nm9n9mbTg7du88L0xWUEc="
        }
      },
      "24": {
        "private": {
          "type": "Buffer",
          "data": "sKvfFA2v1TzI01K3DflPVFXLEBBSDzdcO9oy6AYPrmk="
        },
        "public": {
          "type": "Buffer",
          "data": "YaZhXSJ4kdWJC1ApcSv+1ITCrulig1ztTMy865mLLQI="
        }
      },
      "25": {
        "private": {
          "type": "Buffer",
          "data": "WCS1q3YqXJQLU2++IeKVpGtQ+a1WfRAfeuVVyQxl+kw="
        },
        "public": {
          "type": "Buffer",
          "data": "hK7H39lUDnl/zH0u3YK3qaPgl/eiUKVKMzkS9NvqHQk="
        }
      },
      "26": {
        "private": {
          "type": "Buffer",
          "data": "KLzv2IOQKj25/6kQKCCu5o0uVUmeaWwyhqY2T9fBtlU="
        },
        "public": {
          "type": "Buffer",
          "data": "UmlqA8lPA0VFa71lF9eojAkhQ5PFmgPR1nk0WrL173I="
        }
      },
      "27": {
        "private": {
          "type": "Buffer",
          "data": "KFN4L2R0PMx1oIUwx92nequYu5c0AMPcV9OAs/F861I="
        },
        "public": {
          "type": "Buffer",
          "data": "gHuAg6ldby+IzgZujW07TBV9z/OxToCblXGzjsVdaFc="
        }
      },
      "28": {
        "private": {
          "type": "Buffer",
          "data": "0IaLlBF7/xKraxRYg7qMj/l3IrMJQc7fcs3KRlyqU3E="
        },
        "public": {
          "type": "Buffer",
          "data": "EB4nVTpNYCkij33i8LJlzSdmrmhG/e0VQNGmt47tlD8="
        }
      },
      "29": {
        "private": {
          "type": "Buffer",
          "data": "4JU5xL5l/l6ntENNXQjZPUc4hlOL7JYTlziix5reMHk="
        },
        "public": {
          "type": "Buffer",
          "data": "eVtxdo7mXq0lKiZ0v0CCXhfBrhSbd0r26ZsYjyA4qUg="
        }
      },
      "30": {
        "private": {
          "type": "Buffer",
          "data": "uFU7xUKQ04aE6tn9sra8OGKmL8+h2OsOideddKFF4VA="
        },
        "public": {
          "type": "Buffer",
          "data": "1NAbigtAkfsdCsHC7PxuVkQdc8pYCMSz2186Uj3mEWQ="
        }
      }
    },
    "sessions": {
      "62858354584084.0": {
        "_sessions": {
          "BQcSsaVfIXNnyzF7yOfQ8sEXEHZUreyLuiQC11BSVcgg": {
            "registrationId": 807494481,
            "currentRatchet": {
              "ephemeralKeyPair": {
                "pubKey": "BXah9UNUFBSZyLM9Y/gWhFldCIs/oVwi3kgFZYC37xNP",
                "privKey": "oCKL1Zsgpv9u+Nay0+KJwH8JS8ZKmayhxfRnXf4R8XQ="
              },
              "lastRemoteEphemeralKey": "BYfrpVIz8l8c3KXtrr4q0E54PL9bWmq+yp0bmoyK7H9/",
              "previousCounter": 0,
              "rootKey": "CRGFEDD6YkcvZ5Y6Qm/6rnzv1msY97CTnM6NvpZ4XJY="
            },
            "indexInfo": {
              "baseKey": "BQcSsaVfIXNnyzF7yOfQ8sEXEHZUreyLuiQC11BSVcgg",
              "baseKeyType": 2,
              "closed": -1,
              "used": 1672509657548,
              "created": 1672509657548,
              "remoteIdentityKey": "BUIZs8Dx+AFA24gzaQEM9yVruU0W326kdiadTViO0FVL"
            },
            "_chains": {
              "BYfrpVIz8l8c3KXtrr4q0E54PL9bWmq+yp0bmoyK7H9/": {
                "chainKey": {
                  "counter": 7,
                  "key": "3W3/RSoUc3/kYapHXFhwWgelTJXxivH1P9rLZdjJBps="
                },
                "chainType": 2,
                "messageKeys": {}
              },
              "BXah9UNUFBSZyLM9Y/gWhFldCIs/oVwi3kgFZYC37xNP": {
                "chainKey": {
                  "counter": -1,
                  "key": "A9sQs//ldgmA+XoA8HH85870rJkgkOXVCjqoV1Yf77A="
                },
                "chainType": 1,
                "messageKeys": {}
              }
            }
          }
        },
        "version": "v1"
      }
    },
    "appStateSyncKeys": {
      "AAAAAB1e": {
        "keyData": "VsIIesm37cuLjCoMzUz0W0xZUlErWyQ3UVh00YxDQxA=",
        "fingerprint": {
          "rawId": 1387472846,
          "currentIndex": 1,
          "deviceIndexes": [
            0,
            1
          ]
        },
        "timestamp": "1672509655753"
      }
    },
    "appStateVersions": {
      "critical_block": {
        "version": 1,
        "hash": {
          "type": "Buffer",
          "data": "2V2R7YZ7oIb4jzmgk/Ky0zteeJLyS135BU3BM05Thypnbo0Acm3XAqhyBrMMpF35u3UmmRwdeMzIAFLWppagEi1YcmQKXu+gGUO+vY8MShFGsbhcvZDIGULsKi06fhCV8/HG3T7SLbjZwLzhFz0hE6+eiBI38CoW1LLB/qhjz0U="
        },
        "indexValueMap": {
          "OCXiCJt2u/JwVxtDb/qcebP2Cdx4bkjHnwVhDGqY0m4=": {
            "valueMac": {
              "type": "Buffer",
              "data": "QxflSvm1bI+vAU7kbKSL9R03aI4Ca1b37JVcSLlhq0w="
            }
          },
          "XUcoxQ4GOPysZO40Dx5bSkMiyIkmZxkao9uaB7yTpcE=": {
            "valueMac": {
              "type": "Buffer",
              "data": "9YlUCIeXceDoEFpooKmFfafpFXffWJIDsz+EwRmUgAM="
            }
          }
        }
      },
      "regular": {
        "version": 2,
        "hash": {
          "type": "Buffer",
          "data": "dOkm6vScCWzhB/UvwCeZo3d/BdebXnfeyHKG2erPfvALeMKLTEdjVWIdJRfds+zX0IsKtjDIhc/gaQB8Usdf75YkAW9S4G9Bfk5sFh8b4avO1LfjMzSPfZkTsEcj160V2k2cHUe8v2P5jCR4AgJH8b8OQ9vvWNMkkxyY9bp1tLo="
        },
        "indexValueMap": {
          "d+YJdQ4DggWuP2YDJIs4RxphsENdtmntCsvcdeODSQk=": {
            "valueMac": {
              "type": "Buffer",
              "data": "4JW7cB0PvAN7h6+3kM9HhP9fmNvFu+PvNFZYX/ZQ1iI="
            }
          },
          "AVHK7I44m9PX/Tycb1H3y3HfdSrzUw7E7eayolJXefU=": {
            "valueMac": {
              "type": "Buffer",
              "data": "pDN5OFSvlrNW31bsjQOZY6kYPiblls/NgcuM8QxMgJQ="
            }
          },
          "imUzVEeevgeV+WbT4YUPPicin21e8topXlxCOTaTH4g=": {
            "valueMac": {
              "type": "Buffer",
              "data": "Mk5t2AdAba638xAS11Xe/WVvsf71Ck78pvR/mffhjzo="
            }
          },
          "O/3xqwhSUTnPJt6uppcPF7F0PdHmWK6IcP7+mKFrU48=": {
            "valueMac": {
              "type": "Buffer",
              "data": "AOqXjjIfc2YB8Hx29WFb4RWkAyZVDat+Xmaz6wdj3TI="
            }
          },
          "yR1svHeLRLBfy4dYpLiuDOCRcG0ZTXUTEv4P9PKuLa8=": {
            "valueMac": {
              "type": "Buffer",
              "data": "yNSYOa4GOGsNlf+Pap+SYL9Q+cVo8Xb+HMFQ7Q+rsMk="
            }
          },
          "SD/EwpUWjlC5GKbE8N2KtvD0S+jSbQkPGaEF4bkAKPc=": {
            "valueMac": {
              "type": "Buffer",
              "data": "MJhsA8huifQlXMVA4TM8Fs1BfeoPQhP/+VUEHDMjTNw="
            }
          },
          "EEGNHlq/1E6vqBItya0C1EpOT4r4eIQg/S3rxkFqgqs=": {
            "valueMac": {
              "type": "Buffer",
              "data": "egkdhWB7Av049YXjv3S9y4gi5I3IJCfIxNHlR8UOok4="
            }
          },
          "DjixCbpPCNASrGTbR/YOueThQFdj2Cp03nrVwUz4jjQ=": {
            "valueMac": {
              "type": "Buffer",
              "data": "08nSWxCmSY75iBvx7Srq3xj1H+Gcclv2Qrhx2HGGcxk="
            }
          },
          "hsOl54L0P7bt+hg/royW+vhgBG8R23IfuKgkQeptHfs=": {
            "valueMac": {
              "type": "Buffer",
              "data": "o+42z00HRk+q380g7KIv0rnM++UoozqQEaV3m2VbeSw="
            }
          }
        }
      }
    }
  }
}